word,frequency,id
students,705,0
subject,699,1
learning,571,2
outcomes,357,3
assessment,330,4
intended,326,5
student,318,6
project,312,7
study,293,8
hrs,292,9
skills,268,10
systems,248,11
effort,243,12
knowledge,243,13
data,236,14
computing,211,15
information,209,16
design,206,17
concepts,206,18
computer,205,19
assignments,202,20
security,196,21
edition,191,22
programming,188,23
methods,188,24
problems,177,25
total,169,26
understand,166,27
dec,166,28
projects,162,29
software,161,30
management,157,31
other,156,32
social,153,33
comp,152,34
objectives,152,35
class,144,36
techniques,144,37
applications,143,38
problem,137,39
lectures,136,40
development,135,41
examination,126,42
develop,121,43
understanding,121,44
issues,120,45
solving,119,46
prerequisite,119,47
business,119,48
analysis,118,49
system,118,50
service,111,51
specific,110,52
technology,106,53
expected,105,54
reading,105,55
able,104,56
appropriate,103,57
work,103,58
assessed,102,59
form,99,60
value,96,61
different,96,62
principles,96,63
code,92,64
methodology,92,65
provide,92,66
continuous,90,67
alignment,89,68
using,88,69
syllabus,88,70
basic,87,71
used,87,72
weighting,87,73
completion,86,74
introduction,86,75
tools,86,76
level,85,77
exclusion,85,78
apply,85,79
credit,83,80
exercises,83,81
description,82,82
synopsis,82,83
indicative,82,84
application,82,85
title,81,86
designed,81,87
list,81,88
practice,80,89
references,80,90
reference,80,91
tutorials,80,92
mobile,80,93
contact,79,94
practical,79,95
teaching,78,96
web,77,97
attributes,77,98
algorithms,77,99
solutions,76,100
lecture,75,101
methodstasks,75,102
solve,74,103
please,74,104
topic,74,105
thinking,73,106
process,73,107
case,73,108
technologies,73,109
various,72,110
ability,72,111
internet,72,112
presentation,71,113
learn,70,114
how,70,115
tick,70,116
books,69,117
networks,68,118
required,68,119
academic,68,120
corequisite,67,121
quizzes,67,122
models,67,123
professionalacademic,66,124
programme,66,125
technical,66,126
seminars,62,127
such,61,128
outcome,61,129
network,61,130
team,61,131
fintech,61,132
language,60,133
also,60,134
lab,60,135
allroundedness,60,136
writing,60,137
group,59,138
processing,58,139
hours,58,140
testing,56,141
digital,56,142
use,55,143
experience,54,144
final,54,145
sessions,53,146
topics,53,147
computational,51,148
press,51,149
database,51,150
andor,50,151
course,49,152
relevant,49,153
related,49,154
report,49,155
hall,48,156
research,48,157
studies,47,158
explanation,46,159
assessing,46,160
prentice,46,161
mining,46,162
human,45,163
assess,45,164
entrepreneurship,45,165
communication,45,166
laboratory,44,167
help,44,168
interaction,44,169
critical,44,170
architecture,43,171
appropriateness,42,172
including,42,173
which,42,174
ethical,42,175
control,41,176
review,41,177
evaluate,41,178
planning,41,179
game,41,180
midterm,40,181
introduce,40,182
aspects,40,183
services,40,184
cid,40,185
tutorial,39,186
tests,39,187
cloud,39,188
ilo,39,189
intelligence,39,190
last,38,191
update,38,192
components,38,193
effectively,38,194
contributes,38,195
ebusiness,38,196
servicelearning,38,197
middleware,38,198
fundamental,37,199
test,37,200
workshops,37,201
wiley,37,202
ethics,37,203
acquire,36,204
implementation,36,205
languages,36,206
ieee,36,207
global,36,208
new,36,209
engineering,36,210
equip,35,211
types,35,212
structures,35,213
handson,35,214
include,35,215
supervisor,35,216
approach,34,217
activities,34,218
well,34,219
guide,34,220
multimedia,34,221
functions,33,222
performance,33,223
impact,33,224
etc,33,225
major,33,226
present,33,227
given,32,228
online,32,229
materials,32,230
search,32,231
society,32,232
have,32,233
real,32,234
enterprise,32,235
protocols,32,236
examples,31,237
selfstudy,31,238
company,31,239
embedded,31,240
analyze,31,241
model,30,242
approaches,30,243
university,30,244
groups,30,245
professional,30,246
complete,30,247
evaluation,30,248
organization,30,249
implement,29,250
more,29,251
opportunity,29,252
strategies,29,253
world,29,254
tasks,29,255
financial,28,256
demonstrate,28,257
what,28,258
complex,28,259
written,28,260
requirements,28,261
media,28,262
good,28,263
not,28,264
support,28,265
privacy,28,266
concept,28,267
ecommerce,28,268
image,28,269
internship,28,270
reallife,27,271
advanced,27,272
independently,27,273
representation,27,274
based,27,275
china,27,276
write,27,277
common,27,278
tutoriallab,27,279
paradigms,27,280
community,27,281
machine,27,282
legal,27,283
placement,27,284
teachinglearning,26,285
games,26,286
role,26,287
overview,26,288
operating,26,289
individual,26,290
industry,26,291
reports,26,292
environment,26,293
leadership,26,294
note,25,295
journals,25,296
operations,25,297
plan,25,298
semester,25,299
july,25,300
characteristics,25,301
theory,25,302
vision,25,303
nil,24,304
modeling,24,305
distributed,24,306
acm,24,307
challenges,24,308
material,24,309
labs,24,310
unix,24,311
crowdfunding,24,312
workflow,24,313
artificial,24,314
set,23,315
developing,23,316
systematic,23,317
identify,23,318
taught,23,319
improve,23,320
analytics,23,321
integration,23,322
content,23,323
user,23,324
intellectual,23,325
needs,23,326
communicate,23,327
mcgrawhill,23,328
retrieval,23,329
problemsolving,22,330
decision,22,331
think,22,332
addison,22,333
wesley,22,334
appreciate,22,335
pearson,22,336
own,22,337
platforms,22,338
entrepreneurial,22,339
property,22,340
protection,22,341
gain,22,342
authentication,22,343
quality,22,344
preparation,22,345
presentations,22,346
big,22,347
analyzing,21,348
two,21,349
science,21,350
international,21,351
statistical,21,352
fundamentals,21,353
reinforce,21,354
learned,21,355
elearning,21,356
need,21,357
independent,21,358
when,21,359
time,20,360
assessments,20,361
modern,20,362
together,20,363
interactive,20,364
teach,20,365
opportunities,20,366
theories,20,367
technological,20,368
cases,20,369
objectoriented,20,370
cryptography,20,371
reflective,20,372
attacks,20,373
exam,19,374
grade,19,375
networking,19,376
factors,19,377
nature,19,378
reflection,19,379
wireless,19,380
payment,19,381
biometrics,19,382
python,18,383
cover,18,384
john,18,385
there,18,386
solution,18,387
structure,18,388
background,18,389
term,18,390
interactions,18,391
processes,18,392
designing,18,393
industrial,18,394
textbook,18,395
interface,18,396
responsibilities,18,397
protocol,18,398
module,18,399
ideas,17,400
facilitate,17,401
programs,17,402
questions,17,403
book,17,404
key,17,405
comprehensive,17,406
integrity,17,407
first,17,408
give,17,409
discussion,17,410
train,17,411
springer,17,412
chinese,17,413
applying,17,414
link,17,415
strategy,17,416
standards,17,417
learnt,17,418
responsibility,17,419
engagement,17,420
warehouse,17,421
typical,17,422
audit,17,423
year,17,424
program,16,425
possess,16,426
flow,16,427
communications,16,428
encouraged,16,429
critically,16,430
developments,16,431
finance,16,432
conducted,16,433
training,16,434
organizations,16,435
interfaces,16,436
oral,16,437
reflect,16,438
possible,16,439
rendering,16,440
risk,16,441
architectures,16,442
proceedings,16,443
mainly,15,444
associates,15,445
logic,15,446
lifelong,15,447
graphics,15,448
articles,15,449
practices,15,450
enhance,15,451
discussions,15,452
android,15,453
relationship,15,454
literacy,15,455
innovative,15,456
speakers,15,457
why,15,458
proposal,15,459
future,15,460
mathematical,15,461
object,15,462
effective,15,463
xml,15,464
electronic,15,465
encryption,15,466
documentation,15,467
routing,15,468
physical,15,469
civic,15,470
customer,15,471
cryptocurrency,15,472
capstone,15,473
main,14,474
achieve,14,475
computation,14,476
analytical,14,477
elements,14,478
creative,14,479
recent,14,480
scenarios,14,481
items,14,482
local,14,483
three,14,484
small,14,485
proper,14,486
demonstration,14,487
virtual,14,488
build,14,489
threats,14,490
ict,14,491
companies,14,492
view,14,493
education,14,494
realworld,14,495
popular,14,496
java,14,497
patterns,14,498
regular,14,499
commerce,14,500
part,14,501
detection,14,502
device,14,503
divide,14,504
building,14,505
crm,14,506
important,14,507
publications,14,508
logistics,14,509
computers,13,510
objects,13,511
logical,13,512
controls,13,513
david,13,514
magazines,13,515
oreilly,13,516
importance,13,517
department,13,518
one,13,519
general,13,520
communities,13,521
clustering,13,522
allow,13,523
michael,13,524
mit,13,525
provided,13,526
assignment,13,527
journal,13,528
current,13,529
empathy,13,530
disciplinespecific,13,531
potential,13,532
latest,13,533
implementing,12,534
intelligent,12,535
file,12,536
state,12,537
addisonwesley,12,538
storage,12,539
manage,12,540
definitions,12,541
delivered,12,542
areas,12,543
sense,12,544
teamwork,12,545
measure,12,546
staff,12,547
selected,12,548
focus,12,549
order,12,550
second,12,551
english,12,552
essential,12,553
following,12,554
has,12,555
area,12,556
subjects,12,557
tree,12,558
trees,12,559
discrete,12,560
infrastructure,12,561
theoretical,12,562
coursework,12,563
morgan,12,564
projectspecific,12,565
scope,12,566
chain,12,567
natural,12,568
classification,12,569
recognition,12,570
assurance,12,571
secure,12,572
conference,12,573
epayment,12,574
dissertation,12,575
self,11,576
objective,11,577
robert,11,578
simulation,11,579
regression,11,580
emphasizes,11,581
experiences,11,582
contemporary,11,583
mathematics,11,584
profession,11,585
successful,11,586
make,11,587
held,11,588
making,11,589
discipline,11,590
acquired,11,591
hisher,11,592
life,11,593
let,11,594
handbook,11,595
venture,11,596
history,11,597
enable,11,598
where,11,599
guest,11,600
indepth,11,601
addition,11,602
deliver,11,603
classes,11,604
volume,11,605
humancomputer,11,606
hci,11,607
memory,11,608
metrics,11,609
analytic,11,610
kaufmann,11,611
cultural,11,612
awareness,11,613
involve,11,614
semesters,11,615
others,11,616
normally,11,617
warehousing,11,618
association,11,619
dependability,11,620
particular,10,621
excel,10,622
document,10,623
overall,10,624
address,10,625
manner,10,626
educate,10,627
towards,10,628
devices,10,629
applied,10,630
cengage,10,631
who,10,632
consist,10,633
participation,10,634
mcgraw,10,635
hill,10,636
mechanisms,10,637
features,10,638
higher,10,639
foundations,10,640
psychological,10,641
age,10,642
emerging,10,643
meet,10,644
organizational,10,645
requisite,10,646
publishing,10,647
participate,10,648
page,10,649
tcpip,10,650
internetworking,10,651
databases,10,652
societal,10,653
challenging,10,654
setting,10,655
recipients,10,656
tool,10,657
people,10,658
existing,10,659
change,10,660
reporting,10,661
text,10,662
presented,10,663
competencies,10,664
sage,10,665
credits,10,666
survey,10,667
biometric,10,668
efinance,10,669
neural,10,670
suitable,9,671
function,9,672
cambridge,9,673
formulation,9,674
definition,9,675
contribute,9,676
method,9,677
selection,9,678
includes,9,679
generic,9,680
clientserver,9,681
integrated,9,682
easy,9,683
perspective,9,684
basics,9,685
forms,9,686
aware,9,687
successfully,9,688
practicing,9,689
requirement,9,690
startup,9,691
broad,9,692
access,9,693
explore,9,694
ones,9,695
respect,9,696
ios,9,697
power,9,698
market,9,699
ubiquitous,9,700
take,9,701
readings,9,702
procedures,9,703
query,9,704
skill,9,705
environments,9,706
come,9,707
relational,9,708
cost,9,709
machines,9,710
acquisition,9,711
underprivileged,9,712
teams,9,713
weeks,9,714
deal,9,715
collaboration,9,716
algorithm,9,717
sources,9,718
understandings,9,719
private,9,720
measures,9,721
versus,9,722
transactions,9,723
period,9,724
responsible,9,725
prior,8,726
whereas,8,727
sequential,8,728
sets,8,729
read,8,730
abilities,8,731
necessary,8,732
evolution,8,733
instruction,8,734
series,8,735
vector,8,736
inclass,8,737
disciplines,8,738
otai,8,739
four,8,740
discuss,8,741
encourage,8,742
core,8,743
relate,8,744
range,8,745
impacts,8,746
underlying,8,747
servers,8,748
require,8,749
marketing,8,750
success,8,751
start,8,752
asked,8,753
identification,8,754
dynamic,8,755
seminar,8,756
assigned,8,757
format,8,758
visual,8,759
searching,8,760
expressions,8,761
boolean,8,762
uml,8,763
working,8,764
turban,8,765
roles,8,766
mental,8,767
input,8,768
output,8,769
exams,8,770
layer,8,771
trends,8,772
addressing,8,773
resource,8,774
capabilities,8,775
significant,8,776
emphasize,8,777
plans,8,778
attitude,8,779
message,8,780
tracking,8,781
malware,8,782
contribution,8,783
familiar,8,784
automata,8,785
conduct,8,786
computingit,8,787
panel,8,788
bitcoin,8,789
jan,8,790
feature,8,791
highlevel,7,792
files,7,793
specification,7,794
right,7,795
achieving,7,796
paul,7,797
domains,7,798
end,7,799
large,7,800
graph,7,801
generation,7,802
office,7,803
brief,7,804
aligned,7,805
high,7,806
conceptual,7,807
pass,7,808
linkage,7,809
linear,7,810
algebra,7,811
reasoning,7,812
week,7,813
aug,7,814
covered,7,815
create,7,816
developed,7,817
available,7,818
delivery,7,819
interact,7,820
innovation,7,821
friends,7,822
supporting,7,823
context,7,824
benefits,7,825
perform,7,826
higherorder,7,827
follow,7,828
degree,7,829
clients,7,830
extraction,7,831
engines,7,832
behavior,7,833
invited,7,834
rules,7,835
routledge,7,836
foundation,7,837
made,7,838
representations,7,839
integrate,7,840
further,7,841
ensure,7,842
agents,7,843
framework,7,844
supplemented,7,845
accessed,7,846
foundational,7,847
stallings,7,848
associated,7,849
dan,7,850
linux,7,851
polyu,7,852
moral,7,853
safety,7,854
johnson,7,855
concerns,7,856
individuals,7,857
especially,7,858
taking,7,859
overseas,7,860
duration,7,861
collection,7,862
prepare,7,863
managing,7,864
deliverables,7,865
documents,7,866
style,7,867
capital,7,868
commercial,7,869
pattern,7,870
watermarking,7,871
quiz,7,872
multicast,7,873
fault,7,874
progress,7,875
american,7,876
aims,6,877
formulate,6,878
abstractions,6,879
algorithmic,6,880
franklin,6,881
allen,6,882
richard,6,883
finding,6,884
updated,6,885
statistics,6,886
programmer,6,887
assembly,6,888
external,6,889
smart,6,890
answers,6,891
offer,6,892
homework,6,893
formal,6,894
deep,6,895
options,6,896
modules,6,897
least,6,898
propose,6,899
field,6,900
third,6,901
apps,6,902
ptr,6,903
prerequisites,6,904
targeted,6,905
idea,6,906
blogging,6,907
results,6,908
usage,6,909
collaborative,6,910
combination,6,911
being,6,912
economic,6,913
most,6,914
personal,6,915
number,6,916
extend,6,917
grasp,6,918
short,6,919
properties,6,920
thomas,6,921
practicedreinforced,6,922
oriented,6,923
matlab,6,924
summative,6,925
sons,6,926
hardware,6,927
spirit,6,928
experiments,6,929
speech,6,930
tcp,6,931
experiment,6,932
indexing,6,933
execution,6,934
explained,6,935
justice,6,936
rights,6,937
nurture,6,938
culture,6,939
deployment,6,940
proposals,6,941
collaboratively,6,942
eds,6,943
privilege,6,944
peter,6,945
efficiently,6,946
corresponding,6,947
textbooks,6,948
methodologies,6,949
findintegrate,6,950
harvard,6,951
basis,6,952
protecting,6,953
countermeasures,6,954
threat,6,955
included,6,956
whenever,6,957
agent,6,958
mobility,6,959
compiler,6,960
drivers,6,961
face,6,962
perspectives,6,963
serve,6,964
exchange,6,965
issue,6,966
manual,6,967
publickey,6,968
banking,6,969
additional,6,970
drm,6,971
meeting,6,972
april,6,973
marcel,6,974
dekker,6,975
complexity,5,976
constructs,5,977
efficient,5,978
studying,5,979
inc,5,980
jason,5,981
prenticehall,5,982
abstract,5,983
packages,5,984
attainment,5,985
stephen,5,986
primer,5,987
card,5,988
webbased,5,989
visualization,5,990
active,5,991
early,5,992
cultivate,5,993
simple,5,994
creativity,5,995
raise,5,996
interpersonal,5,997
open,5,998
failure,5,999
steven,5,1000
essentials,5,1001
app,5,1002
jeffrey,5,1003
specifically,5,1004
audience,5,1005
advances,5,1006
operation,5,1007
less,5,1008
inference,5,1009
interesting,5,1010
daily,5,1011
google,5,1012
sample,5,1013
connected,5,1014
reilly,5,1015
position,5,1016
continue,5,1017
advancement,5,1018
know,5,1019
motivations,5,1020
location,5,1021
body,5,1022
illustrative,5,1023
park,5,1024
scratch,5,1025
beginners,5,1026
approximately,5,1027
supervised,5,1028
path,5,1029
ross,5,1030
members,5,1031
cycle,5,1032
kumar,5,1033
money,5,1034
political,5,1035
ascertain,5,1036
efforts,5,1037
collect,5,1038
perception,5,1039
task,5,1040
rationale,5,1041
actively,5,1042
helps,5,1043
allows,5,1044
illustrated,5,1045
error,5,1046
longman,5,1047
sql,5,1048
estimation,5,1049
ullman,5,1050
internal,5,1051
kinds,5,1052
sensing,5,1053
functionalities,5,1054
scheduling,5,1055
bigger,5,1056
ownership,5,1057
dilemmas,5,1058
risks,5,1059
identity,5,1060
fraud,5,1061
ethnic,5,1062
target,5,1063
delivering,5,1064
offshore,5,1065
health,5,1066
depth,5,1067
essays,5,1068
decisions,5,1069
josseybass,5,1070
mark,5,1071
equivalent,5,1072
blocks,5,1073
better,5,1074
technique,5,1075
strategic,5,1076
james,5,1077
evidence,5,1078
verification,5,1079
paradigm,5,1080
submit,5,1081
simon,5,1082
product,5,1083
mitigate,5,1084
auditing,5,1085
blockchain,5,1086
isbn,5,1087
wide,5,1088
seeking,5,1089
revolution,5,1090
kindle,5,1091
compression,5,1092
limitations,5,1093
jain,5,1094
adaptive,5,1095
serviceoriented,5,1096
organize,5,1097
driver,5,1098
grammars,5,1099
optimization,5,1100
bodies,5,1101
informed,5,1102
proposed,5,1103
startups,5,1104
iii,5,1105
cybersecurity,5,1106
citizenship,5,1107
describe,5,1108
classroom,5,1109
member,5,1110
supervision,5,1111
wie,5,1112
normal,5,1113
turing,5,1114
firewalls,5,1115
effectiveness,5,1116
hierarchical,5,1117
kluwer,5,1118
hash,5,1119
block,5,1120
school,5,1121
bayesian,5,1122
clementine,5,1123
portfolio,5,1124
fifth,5,1125
symposium,5,1126
dependable,5,1127
papers,5,1128
imaging,5,1129
genetic,5,1130
find,5,1131
law,5,1132
literature,5,1133
apa,5,1134
lists,4,1135
topdown,4,1136
miniprojects,4,1137
zelle,4,1138
beedle,4,1139
usa,4,1140
william,4,1141
jennifer,4,1142
top,4,1143
example,4,1144
scientific,4,1145
hong,4,1146
kong,4,1147
notes,4,1148
completing,4,1149
standard,4,1150
handling,4,1151
random,4,1152
variables,4,1153
laboratories,4,1154
definitive,4,1155
microsoft,4,1156
same,4,1157
section,4,1158
relative,4,1159
computingrelated,4,1160
attend,4,1161
formats,4,1162
norton,4,1163
multiple,4,1164
recognize,4,1165
parallel,4,1166
trend,4,1167
manipulation,4,1168
calculus,4,1169
aid,4,1170
outlook,4,1171
creating,4,1172
ventures,4,1173
behaviors,4,1174
professionals,4,1175
interest,4,1176
carry,4,1177
investigate,4,1178
obtain,4,1179
fail,4,1180
industries,4,1181
inspection,4,1182
resources,4,1183
visit,4,1184
follows,4,1185
inventor,4,1186
medium,4,1187
exclusions,4,1188
policies,4,1189
paper,4,1190
chance,4,1191
actual,4,1192
contents,4,1193
changes,4,1194
relationships,4,1195
connect,4,1196
even,4,1197
created,4,1198
crowdsourcing,4,1199
schemes,4,1200
few,4,1201
sites,4,1202
remark,4,1203
fulfils,4,1204
car,4,1205
been,4,1206
emphasis,4,1207
leading,4,1208
challenged,4,1209
visits,4,1210
contrast,4,1211
points,4,1212
environmental,4,1213
publisher,4,1214
exposure,4,1215
entertainment,4,1216
certain,4,1217
get,4,1218
exercise,4,1219
improvement,4,1220
binary,4,1221
efficiency,4,1222
charles,4,1223
relations,4,1224
principle,4,1225
mix,4,1226
initiate,4,1227
having,4,1228
sequence,4,1229
activity,4,1230
enrich,4,1231
deeper,4,1232
chapman,4,1233
telecommunications,4,1234
uses,4,1235
organisation,4,1236
involved,4,1237
terms,4,1238
competitive,4,1239
advantage,4,1240
weekly,4,1241
feedback,4,1242
introductory,4,1243
sound,4,1244
according,4,1245
historical,4,1246
dialogue,4,1247
response,4,1248
guidelines,4,1249
share,4,1250
transport,4,1251
stevens,4,1252
api,4,1253
transaction,4,1254
recovery,4,1255
tutorialslab,4,1256
products,4,1257
low,4,1258
synchronization,4,1259
segmentation,4,1260
allocation,4,1261
piece,4,1262
copyright,4,1263
implications,4,1264
decisionmaking,4,1265
socially,4,1266
availability,4,1267
stakeholders,4,1268
usability,4,1269
consisting,4,1270
beginning,4,1271
incurred,4,1272
direct,4,1273
stem,4,1274
addresses,4,1275
frontline,4,1276
offerings,4,1277
costs,4,1278
difference,4,1279
collier,4,1280
geometry,4,1281
hand,4,1282
static,4,1283
procedure,4,1284
special,4,1285
stepbystep,4,1286
enterprises,4,1287
iso,4,1288
master,4,1289
ibm,4,1290
supply,4,1291
stages,4,1292
deepen,4,1293
act,4,1294
detailed,4,1295
domain,4,1296
house,4,1297
publishers,4,1298
best,4,1299
equipped,4,1300
coding,4,1301
codes,4,1302
public,4,1303
schneier,4,1304
bruce,4,1305
secrets,4,1306
oracle,4,1307
server,4,1308
reason,4,1309
platform,4,1310
considerations,4,1311
hybrid,4,1312
drive,4,1313
conferences,4,1314
contextaware,4,1315
duties,4,1316
layers,4,1317
apis,4,1318
built,4,1319
transfer,4,1320
syntax,4,1321
dfa,4,1322
involves,4,1323
miller,4,1324
consists,4,1325
judging,4,1326
fact,4,1327
diverse,4,1328
sensitivity,4,1329
competently,4,1330
crosscultural,4,1331
purpose,4,1332
tolerance,4,1333
conjunction,4,1334
underserved,4,1335
universities,4,1336
record,4,1337
faculty,4,1338
campus,4,1339
helping,4,1340
months,4,1341
undergraduate,4,1342
january,4,1343
thesis,4,1344
cryptographic,4,1345
publication,4,1346
checking,4,1347
zhang,4,1348
knowledgebased,4,1349
challenge,4,1350
traditional,4,1351
explain,4,1352
base,4,1353
entire,4,1354
checkpoint,4,1355
interested,4,1356
reconstruction,4,1357
discover,4,1358
discovery,4,1359
recommend,4,1360
mapreduce,4,1361
reliability,4,1362
realtime,4,1363
spent,4,1364
grades,4,1365
fourth,4,1366
formulating,3,1367
representing,3,1368
strings,3,1369
hour,3,1370
illustrate,3,1371
many,3,1372
abstraction,3,1373
modularization,3,1374
down,3,1375
free,3,1376
table,3,1377
fast,3,1378
monte,3,1379
attain,3,1380
adequately,3,1381
employed,3,1382
specified,3,1383
king,3,1384
expose,3,1385
cpu,3,1386
compilers,3,1387
concurrent,3,1388
things,3,1389
realistic,3,1390
adopted,3,1391
arranged,3,1392
finally,3,1393
engage,3,1394
universitys,3,1395
arouse,3,1396
deadline,3,1397
interests,3,1398
engaging,3,1399
choices,3,1400
then,3,1401
promote,3,1402
average,3,1403
meetings,3,1404
oleary,3,1405
followers,3,1406
circles,3,1407
connections,3,1408
pervasive,3,1409
blackboard,3,1410
participating,3,1411
mutual,3,1412
connectivity,3,1413
motivate,3,1414
matter,3,1415
sixth,3,1416
crowds,3,1417
filtering,3,1418
facebook,3,1419
cidetworks,3,1420
princeton,3,1421
shape,3,1422
lives,3,1423
affect,3,1424
russell,3,1425
rise,3,1426
economy,3,1427
growth,3,1428
identifying,3,1429
creation,3,1430
reviews,3,1431
attained,3,1432
show,3,1433
trade,3,1434
globalization,3,1435
mindset,3,1436
electronics,3,1437
driven,3,1438
relevancy,3,1439
single,3,1440
examplebased,3,1441
alice,3,1442
php,3,1443
encountered,3,1444
demonstrating,3,1445
testsquizzes,3,1446
packt,3,1447
starting,3,1448
animations,3,1449
riders,3,1450
sorting,3,1451
sort,3,1452
hashing,3,1453
hands,3,1454
provides,3,1455
equivalence,3,1456
transportation,3,1457
combinatorial,3,1458
circuits,3,1459
synthesis,3,1460
reinforced,3,1461
familiarize,3,1462
encapsulation,3,1463
runtime,3,1464
kathy,3,1465
craig,3,1466
needed,3,1467
exploration,3,1468
matching,3,1469
scripts,3,1470
interfacing,3,1471
hoc,3,1472
largerscope,3,1473
systematically,3,1474
enabled,3,1475
authoring,3,1476
controlling,3,1477
sustainable,3,1478
technicalpractical,3,1479
competence,3,1480
sharing,3,1481
laudon,3,1482
liang,3,1483
findings,3,1484
play,3,1485
benchmarking,3,1486
describing,3,1487
structural,3,1488
only,3,1489
mac,3,1490
resolution,3,1491
socket,3,1492
labstutorials,3,1493
functional,3,1494
constraints,3,1495
foreign,3,1496
join,3,1497
secondary,3,1498
midterms,3,1499
pentium,3,1500
processors,3,1501
tangible,3,1502
calls,3,1503
involving,3,1504
shell,3,1505
peers,3,1506
thomson,3,1507
whose,3,1508
consider,3,1509
freedom,3,1510
become,3,1511
handle,3,1512
engine,3,1513
myths,3,1514
encounter,3,1515
compss,3,1516
increase,3,1517
acquaint,3,1518
pertaining,3,1519
attitudes,3,1520
source,3,1521
does,3,1522
accessible,3,1523
beneficiaries,3,1524
greater,3,1525
relating,3,1526
experts,3,1527
assignmentslearning,3,1528
vary,3,1529
particularly,3,1530
shoulder,3,1531
portion,3,1532
gains,3,1533
improvements,3,1534
reflections,3,1535
passfail,3,1536
discussed,3,1537
collaborating,3,1538
ngos,3,1539
obviously,3,1540
indicators,3,1541
berger,3,1542
christine,3,1543
cress,3,1544
vicki,3,1545
reitenauer,3,1546
serving,3,1547
guidebook,3,1548
eie,3,1549
reduction,3,1550
item,3,1551
assesses,3,1552
psychology,3,1553
chief,3,1554
tapscott,3,1555
messaging,3,1556
selflearning,3,1557
character,3,1558
semantic,3,1559
translation,3,1560
christopher,3,1561
measurement,3,1562
sharda,3,1563
validation,3,1564
notations,3,1565
boundary,3,1566
diagrams,3,1567
frameworks,3,1568
mapping,3,1569
designs,3,1570
functionality,3,1571
verbally,3,1572
presenting,3,1573
steve,3,1574
maturity,3,1575
rick,3,1576
stefan,3,1577
budgeting,3,1578
monitoring,3,1579
reverse,3,1580
goals,3,1581
password,3,1582
agreement,3,1583
kaufman,3,1584
perlman,3,1585
speciner,3,1586
hackers,3,1587
allroundness,3,1588
mysql,3,1589
policy,3,1590
javascript,3,1591
servlets,3,1592
schema,3,1593
mike,3,1594
video,3,1595
examinations,3,1596
contextual,3,1597
event,3,1598
introduced,3,1599
utility,3,1600
construction,3,1601
finite,3,1602
contextfree,3,1603
pushdown,3,1604
fully,3,1605
expect,3,1606
laws,3,1607
philosophical,3,1608
legislation,3,1609
deborah,3,1610
keith,3,1611
andreas,3,1612
capturing,3,1613
arrange,3,1614
accounting,3,1615
see,3,1616
patents,3,1617
trademarks,3,1618
raising,3,1619
workshop,3,1620
chances,3,1621
feedbacks,3,1622
elevator,3,1623
providing,3,1624
citizen,3,1625
day,3,1626
fulfill,3,1627
leaders,3,1628
situations,3,1629
intercultural,3,1630
dimensions,3,1631
construct,3,1632
institution,3,1633
prepared,3,1634
opt,3,1635
approved,3,1636
essay,3,1637
javidan,3,1638
exploring,3,1639
francisco,3,1640
unique,3,1641
maintenance,3,1642
achievement,3,1643
submitted,3,1644
computability,3,1645
signature,3,1646
chan,3,1647
lee,3,1648
chang,3,1649
animation,3,1650
details,3,1651
auerbach,3,1652
inventory,3,1653
rfid,3,1654
works,3,1655
assets,3,1656
isaca,3,1657
fuzzy,3,1658
kmeans,3,1659
projectassignment,3,1660
typically,3,1661
london,3,1662
images,3,1663
behavial,3,1664
temporal,3,1665
peertopeer,3,1666
lending,3,1667
levy,3,1668
gateway,3,1669
dns,3,1670
cellular,3,1671
wifi,3,1672
charlie,3,1673
threedimensional,3,1674
pixel,3,1675
mid,3,1676
crc,3,1677
enhancement,3,1678
operational,3,1679
warehouses,3,1680
cloudbased,3,1681
providers,3,1682
prospective,3,1683
thematic,3,1684
ecosystem,3,1685
possibly,3,1686
locate,3,1687
obtained,3,1688
solved,3,1689
define,3,1690
specify,3,1691
precisely,3,1692
assimilate,3,1693
generating,3,1694
alternative,3,1695
spans,3,1696
consecutive,3,1697
departments,3,1698
however,3,1699
contingent,3,1700
condition,3,1701
supervise,3,1702
problemoriented,3,1703
restriction,3,1704
element,3,1705
constrained,3,1706
original,3,1707
contributions,3,1708
charge,3,1709
selfdiscipline,3,1710
limited,3,1711
burns,3,1712
roberts,3,1713
journey,3,1714
defending,3,1715
corwin,3,1716
mauch,3,1717
rudestam,3,1718
newton,3,1719
surviving,3,1720
garson,3,1721
empirical,3,1722
theses,3,1723
dissertations,3,1724
oshima,3,1725
szuchman,3,1726
wadsworthcengage,3,1727
coexaminer,3,1728
moderator,3,1729
lowtomoderate,2,1730
logically,2,1731
organizing,2,1732
automating,2,1733
generalizing,2,1734
numbers,2,1735
loop,2,1736
booleans,2,1737
collections,2,1738
graphic,2,1739
bottomup,2,1740
away,2,1741
sept,2,1742
downey,2,1743
scientist,2,1744
green,2,1745
tea,2,1746
punch,2,1747
enbody,2,1748
gries,2,1749
campbell,2,1750
montojo,2,1751
pragmatic,2,1752
bookshelf,2,1753
dromey,2,1754
englewood,2,1755
cliffs,2,1756
conceptualization,2,1757
puzzle,2,1758
kowalski,2,1759
artificially,2,1760
undertake,2,1761
graphing,2,1762
plotting,2,1763
spss,2,1764
home,2,1765
levine,2,1766
managers,2,1767
overcrowding,2,1768
avoided,2,1769
justification,2,1770
indicate,2,1771
purports,2,1772
sophisticated,2,1773
compilation,2,1774
interpretation,2,1775
elementary,2,1776
debugging,2,1777
reinforcing,2,1778
smarter,2,1779
viewpoint,2,1780
gates,2,1781
forward,2,1782
instance,2,1783
article,2,1784
jones,2,1785
strengthen,2,1786
covering,2,1787
teetor,2,1788
cookbook,2,1789
boyd,2,1790
regulation,2,1791
autonomous,2,1792
initiative,2,1793
expectations,2,1794
stay,2,1795
plagiarism,2,1796
reputable,2,1797
systemsapplications,2,1798
supports,2,1799
computingengineering,2,1800
mode,2,1801
dataoriented,2,1802
individually,2,1803
educational,2,1804
complement,2,1805
organized,2,1806
tour,2,1807
lettergrading,2,1808
accordance,2,1809
convention,2,1810
weights,2,1811
evaluated,2,1812
marks,2,1813
scott,2,1814
timothy,2,1815
ellen,2,1816
alex,2,1817
scientists,2,1818
engineers,2,1819
compb,2,1820
sociallycomputed,2,1821
simply,2,1822
underneath,2,1823
non,2,1824
shortterm,2,1825
formation,2,1826
implication,2,1827
knowing,2,1828
generalized,2,1829
pursue,2,1830
nodes,2,1831
links,2,1832
rating,2,1833
twitter,2,1834
linkedin,2,1835
wikipedia,2,1836
presence,2,1837
leakage,2,1838
connecting,2,1839
staffs,2,1840
alone,2,1841
attendance,2,1842
christakis,2,1843
fowler,2,1844
surprising,2,1845
everything,2,1846
little,2,1847
brown,2,1848
hillstrom,2,1849
lucent,2,1850
watts,2,1851
six,2,1852
degrees,2,1853
cog,2,1854
rapidly,2,1855
domestic,2,1856
export,2,1857
manufacturing,2,1858
sector,2,1859
very,2,1860
often,2,1861
chinas,2,1862
innovations,2,1863
evaluating,2,1864
begin,2,1865
centered,2,1866
entrepreneurs,2,1867
words,2,1868
defend,2,1869
conflicting,2,1870
progresses,2,1871
becomes,2,1872
years,2,1873
transition,2,1874
casebased,2,1875
debate,2,1876
kuratko,2,1877
yang,2,1878
pub,2,1879
guided,2,1880
music,2,1881
prelecture,2,1882
broaden,2,1883
substantive,2,1884
spectrum,2,1885
decomposition,2,1886
conditions,2,1887
arrays,2,1888
retention,2,1889
august,2,1890
queues,2,1891
dictionary,2,1892
mass,2,1893
goodrich,2,1894
tamassia,2,1895
kevin,2,1896
cormen,2,1897
leiserson,2,1898
rivest,2,1899
ronald,2,1900
stein,2,1901
clifford,2,1902
predicate,2,1903
induction,2,1904
counting,2,1905
graphs,2,1906
isomorphism,2,1907
spanning,2,1908
minimum,2,1909
algebras,2,1910
hiding,2,1911
inheritance,2,1912
polymorphism,2,1913
binding,2,1914
concurrency,2,1915
tutorialslabs,2,1916
larman,2,1917
iterative,2,1918
similarity,2,1919
macro,2,1920
vectors,2,1921
matrices,2,1922
realizing,2,1923
carlo,2,1924
capability,2,1925
joel,2,1926
integrating,2,1927
internetbased,2,1928
modification,2,1929
barriers,2,1930
intranet,2,1931
extranet,2,1932
measurements,2,1933
done,2,1934
component,2,1935
traver,2,1936
limits,2,1937
metaphors,2,1938
predictive,2,1939
nongraphical,2,1940
dialogues,2,1941
usercentered,2,1942
shneiderman,2,1943
plaisant,2,1944
dix,2,1945
finlay,2,1946
abowd,2,1947
beale,2,1948
andleigh,2,1949
thakrar,2,1950
mes,2,1951
morris,2,1952
hinrichs,2,1953
atm,2,1954
realize,2,1955
request,2,1956
lan,2,1957
distance,2,1958
datagram,2,1959
tanenbaum,2,1960
comer,2,1961
telephone,2,1962
dbmss,2,1963
independence,2,1964
entity,2,1965
buffer,2,1966
crash,2,1967
administration,2,1968
silberschatz,2,1969
implemented,2,1970
commercially,2,1971
lifetime,2,1972
staying,2,1973
forefront,2,1974
arithmetic,2,1975
conversion,2,1976
point,2,1977
assembler,2,1978
commands,2,1979
derivation,2,1980
half,2,1981
buses,2,1982
interrupts,2,1983
run,2,1984
five,2,1985
todays,2,1986
eventdriven,2,1987
mvc,2,1988
desktop,2,1989
graphical,2,1990
wimp,2,1991
window,2,1992
postwimp,2,1993
sensor,2,1994
signals,2,1995
march,2,1996
sams,2,1997
december,2,1998
deadlock,2,1999
windows,2,2000
unixlinux,2,2001
anyway,2,2002
surrounding,2,2003
dissemination,2,2004
tradeoffs,2,2005
abuse,2,2006
ethically,2,2007
analyses,2,2008
breaches,2,2009
theft,2,2010
want,2,2011
quinn,2,2012
equity,2,2013
schools,2,2014
corporations,2,2015
governance,2,2016
york,2,2017
borders,2,2018
lines,2,2019
ethnicity,2,2020
disadvantaged,2,2021
articulate,2,2022
cultures,2,2023
citizens,2,2024
behaviours,2,2025
child,2,2026
movement,2,2027
misunderstanding,2,2028
prejudice,2,2029
stereotyping,2,2030
discrimination,2,2031
economical,2,2032
harm,2,2033
raised,2,2034
impacting,2,2035
mainland,2,2036
cambodia,2,2037
refugees,2,2038
immigrants,2,2039
minorities,2,2040
penalty,2,2041
forum,2,2042
coordinate,2,2043
disabled,2,2044
comps,2,2045
commence,2,2046
break,2,2047
intensive,2,2048
evenings,2,2049
weekends,2,2050
necessitate,2,2051
accommodate,2,2052
preferences,2,2053
choice,2,2054
revised,2,2055
focusdisciplinespecific,2,2056
plansproposals,2,2057
journalreport,2,2058
settings,2,2059
fortunate,2,2060
disciplinerelated,2,2061
barbara,2,2062
jacoby,2,2063
warschauer,2,2064
inclusion,2,2065
rethinking,2,2066
cathryn,2,2067
kaye,2,2068
adams,2,2069
diversity,2,2070
allan,2,2071
sterling,2,2072
virginia,2,2073
butin,2,2074
palgrave,2,2075
macmillan,2,2076
notation,2,2077
randomized,2,2078
spatial,2,2079
hull,2,2080
npcompleteness,2,2081
frank,2,2082
scoping,2,2083
parameter,2,2084
passing,2,2085
semantics,2,2086
composition,2,2087
variants,2,2088
alfred,2,2089
aho,2,2090
sethi,2,2091
websites,2,2092
comprehensively,2,2093
jon,2,2094
markets,2,2095
highly,2,2096
don,2,2097
bell,2,2098
martin,2,2099
uncertainty,2,2100
measuring,2,2101
earned,2,2102
conducting,2,2103
hughes,2,2104
cotterell,2,2105
deploying,2,2106
osborne,2,2107
summer,2,2108
align,2,2109
emergent,2,2110
changing,2,2111
way,2,2112
behavioral,2,2113
reengineering,2,2114
firm,2,2115
zeng,2,2116
alibaba,2,2117
chishti,2,2118
susanne,2,2119
barberis,2,2120
janos,2,2121
british,2,2122
difficulties,2,2123
characters,2,2124
encoding,2,2125
compatibility,2,2126
morphological,2,2127
parsing,2,2128
sentiment,2,2129
japanese,2,2130
korean,2,2131
huang,2,2132
ecrm,2,2133
behaviour,2,2134
values,2,2135
delen,2,2136
ebook,2,2137
library,2,2138
sas,2,2139
specifications,2,2140
reuse,2,2141
agile,2,2142
prototyping,2,2143
cocomo,2,2144
practitioners,2,2145
booch,2,2146
schwalbe,2,2147
bad,2,2148
rather,2,2149
schach,2,2150
classical,2,2151
inputs,2,2152
levels,2,2153
configuration,2,2154
coverage,2,2155
preparing,2,2156
artech,2,2157
godbole,2,2158
close,2,2159
manager,2,2160
cmmi,2,2161
net,2,2162
means,2,2163
procurement,2,2164
contract,2,2165
forensics,2,2166
synthesizing,2,2167
malicious,2,2168
injection,2,2169
crosssite,2,2170
session,2,2171
undergirding,2,2172
tutorialsworkshops,2,2173
bishop,2,2174
anderson,2,2175
gary,2,2176
lies,2,2177
pfleeger,2,2178
lawrence,2,2179
modelling,2,2180
tutoriallaboratory,2,2181
analyse,2,2182
accessibility,2,2183
facilitating,2,2184
stateoftheart,2,2185
ajax,2,2186
collaborate,2,2187
relation,2,2188
twotier,2,2189
threetier,2,2190
hypertext,2,2191
http,2,2192
jsp,2,2193
markup,2,2194
deitel,2,2195
murach,2,2196
implementations,2,2197
cognition,2,2198
terminologies,2,2199
display,2,2200
humancentric,2,2201
coordinated,2,2202
plays,2,2203
adaptation,2,2204
inputoutput,2,2205
setup,2,2206
adam,2,2207
systemlevel,2,2208
select,2,2209
kernel,2,2210
spaces,2,2211
lexical,2,2212
specifying,2,2213
tokens,2,2214
recognizing,2,2215
nfa,2,2216
parse,2,2217
intermediate,2,2218
cooper,2,2219
determining,2,2220
professions,2,2221
traditionalphilosophical,2,2222
vacuum,2,2223
competing,2,2224
crimes,2,2225
criminals,2,2226
sabotage,2,2227
ethicallegal,2,2228
consequentialist,2,2229
argument,2,2230
extended,2,2231
firms,2,2232
tavani,2,2233
herman,2,2234
controversies,2,2235
hoboken,2,2236
upper,2,2237
saddle,2,2238
river,2,2239
kollmann,2,2240
tobias,2,2241
kuckertz,2,2242
stèockmann,2,2243
christoph,2,2244
hershey,2,2245
duening,2,2246
hisrich,2,2247
lechter,2,2248
burlington,2,2249
professionalism,2,2250
recognise,2,2251
continuing,2,2252
acts,2,2253
equipping,2,2254
entry,2,2255
exit,2,2256
running,2,2257
reasonable,2,2258
investors,2,2259
directly,2,2260
indirectly,2,2261
sales,2,2262
disruptive,2,2263
positioning,2,2264
copyrights,2,2265
matters,2,2266
capitalists,2,2267
financings,2,2268
stock,2,2269
motivation,2,2270
pitches,2,2271
represents,2,2272
halt,2,2273
donch,2,2274
stiles,2,2275
fesnak,2,2276
consumer,2,2277
cause,2,2278
children,2,2279
ngo,2,2280
therapy,2,2281
testify,2,2282
breadth,2,2283
elizabeth,2,2284
insights,2,2285
career,2,2286
span,2,2287
hourly,2,2288
enriching,2,2289
widening,2,2290
horizons,2,2291
due,2,2292
httpswwwfintechweeklycom,2,2293
times,2,2294
httpthefintechtimescom,2,2295
oneself,2,2296
influence,2,2297
digitization,2,2298
verbal,2,2299
facetoface,2,2300
pre,2,2301
incorporate,2,2302
susan,2,2303
komives,2,2304
editor,2,2305
globe,2,2306
college,2,2307
san,2,2308
lecturer,2,2309
brings,2,2310
professionally,2,2311
confidence,2,2312
usually,2,2313
contained,2,2314
separate,2,2315
essence,2,2316
solicitation,2,2317
job,2,2318
interviews,2,2319
confirm,2,2320
offers,2,2321
contracts,2,2322
counselled,2,2323
refer,2,2324
assigns,2,2325
liaise,2,2326
settle,2,2327
detected,2,2328
endorsement,2,2329
yardstick,2,2330
detailing,2,2331
tutor,2,2332
site,2,2333
ended,2,2334
carries,2,2335
count,2,2336
graduation,2,2337
gpa,2,2338
calculation,2,2339
failing,2,2340
awarded,2,2341
performs,2,2342
poorly,2,2343
agreed,2,2344
check,2,2345
soft,2,2346
decidability,2,2347
hierarchy,2,2348
pda,2,2349
lemma,2,2350
chapters,2,2351
certificate,2,2352
ipsec,2,2353
ecash,2,2354
dillon,2,2355
multiuser,2,2356
terrain,2,2357
texturing,2,2358
collision,2,2359
rotation,2,2360
camera,2,2361
lighting,2,2362
shading,2,2363
motion,2,2364
avoidance,2,2365
heuristics,2,2366
designer,2,2367
gregory,2,2368
processoriented,2,2369
steps,2,2370
workflows,2,2371
spheres,2,2372
facility,2,2373
van,2,2374
production,2,2375
tocs,2,2376
tse,2,2377
toc,2,2378
cacm,2,2379
icde,2,2380
forecasting,2,2381
classic,2,2382
disaster,2,2383
space,2,2384
similarities,2,2385
administered,2,2386
capable,2,2387
witten,2,2388
conventional,2,2389
ciphers,2,2390
cipher,2,2391
automated,2,2392
derek,2,2393
verlag,2,2394
lncs,2,2395
officer,2,2396
portal,2,2397
lecturers,2,2398
oxford,2,2399
etrading,2,2400
trading,2,2401
freedman,2,2402
matthew,2,2403
nutting,2,2404
retrieved,2,2405
nov,2,2406
kelvin,2,2407
lawton,2,2408
marom,2,2409
dresner,2,2410
jerseywiley,2,2411
mcandrews,2,2412
philip,2,2413
strahan,2,2414
wharton,2,2415
pennsylvania,2,2416
massachusetts,2,2417
regulatory,2,2418
signatures,2,2419
apple,2,2420
wallet,2,2421
igi,2,2422
quantitative,2,2423
judgment,2,2424
choosing,2,2425
valuation,2,2426
markov,2,2427
midtermquizzes,2,2428
numerical,2,2429
principled,2,2430
packet,2,2431
congestion,2,2432
connection,2,2433
ospf,2,2434
proxy,2,2435
reliable,2,2436
exposed,2,2437
packets,2,2438
requires,2,2439
coordination,2,2440
whole,2,2441
douglas,2,2442
compcomp,2,2443
defenses,2,2444
chris,2,2445
patrick,2,2446
radia,2,2447
european,2,2448
suite,2,2449
lower,2,2450
primitives,2,2451
secrecy,2,2452
endtoend,2,2453
hallcrc,2,2454
selecting,2,2455
wlan,2,2456
lbs,2,2457
kamal,2,2458
raj,2,2459
rasterization,2,2460
transformations,2,2461
viewing,2,2462
projections,2,2463
color,2,2464
scene,2,2465
opengl,2,2466
applicable,2,2467
optional,2,2468
cameras,2,2469
stereo,2,2470
edge,2,2471
descriptors,2,2472
perceptron,2,2473
thoughts,2,2474
unsupervised,2,2475
probability,2,2476
overfitting,2,2477
dimensionality,2,2478
crispdm,2,2479
replication,2,2480
transformation,2,2481
lifecycle,2,2482
guidance,2,2483
tackle,2,2484
useful,2,2485
builder,2,2486
next,2,2487
liu,2,2488
largescale,2,2489
nosql,2,2490
sigmod,2,2491
june,2,2492
maintainability,2,2493
redundancy,2,2494
crossplatform,2,2495
cmp,2,2496
publishsubscribe,2,2497
vendors,2,2498
covers,2,2499
virtualization,2,2500
amazon,2,2501
aws,2,2502
parts,2,2503
arshdeep,2,2504
bahga,2,2505
vijay,2,2506
madisetti,2,2507
patent,2,2508
trusted,2,2509
realcase,2,2510
assistance,2,2511
amount,2,2512
sponsored,2,2513
prescribed,2,2514
announced,2,2515
laid,2,2516
sections,2,2517
demonstrated,2,2518
twosubject,2,2519
heshe,2,2520
advice,2,2521
milestone,2,2522
officio,2,2523
moderation,2,2524
arbitration,2,2525
fairness,2,2526
award,2,2527
candidates,2,2528
resolve,2,2529
disagreement,2,2530
moderated,2,2531
undue,2,2532
differences,2,2533
parties,2,2534
proceed,2,2535
computable,1,2536
wilsonville,1,2537
COMP1001,1,2538
dictionaries,1,2539
bottom,1,2540
lecturelabtutorials,1,2541
copy,1,2542
COMP1002,1,2543
polytechnic,1,2544
carefully,1,2545
extrapolate,1,2546
generate,1,2547
deviation,1,2548
formulae,1,2549
scattered,1,2550
plot,1,2551
distributions,1,2552
carlos,1,2553
supported,1,2554
middleton,1,2555
brookscolethomson,1,2556
pearsonprentice,1,2557
weinberg,1,2558
abramowitz,1,2559
integrative,1,2560
COMP1003,1,2561
repetition,1,2562
correctness,1,2563
prata,1,2564
kernighan,1,2565
ritchie,1,2566
spraul,1,2567
anton,1,2568
starch,1,2569
COMP1011,1,2570
constituting,1,2571
interplay,1,2572
composed,1,2573
miniature,1,2574
smaller,1,2575
powerful,1,2576
directions,1,2577
sevenlayer,1,2578
microcode,1,2579
interpreters,1,2580
gpu,1,2581
standalone,1,2582
classworks,1,2583
looking,1,2584
critique,1,2585
warford,1,2586
stanley,1,2587
bartlett,1,2588
bryant,1,2589
randal,1,2590
ohallaron,1,2591
COMP1411,1,2592
manipulate,1,2593
visualize,1,2594
defining,1,2595
collecting,1,2596
cleaning,1,2597
matrix,1,2598
differentiation,1,2599
maxima,1,2600
minima,1,2601
aforementioned,1,2602
labexercises,1,2603
assignmentstestquizzes,1,2604
beecher,1,2605
bcs,1,2606
wickham,1,2607
grolemund,1,2608
vandenberghe,1,2609
stewart,1,2610
transcendentals,1,2611
COMP1433,1,2612
inspire,1,2613
desirable,1,2614
enthusiasm,1,2615
honest,1,2616
clear,1,2617
dishonest,1,2618
professors,1,2619
alumni,1,2620
streams,1,2621
belonging,1,2622
care,1,2623
modelphilosophy,1,2624
ideasmodels,1,2625
going,1,2626
upholding,1,2627
citation,1,2628
referencing,1,2629
avoid,1,2630
attempt,1,2631
pretest,1,2632
posttest,1,2633
sign,1,2634
honour,1,2635
declaration,1,2636
motivated,1,2637
presenters,1,2638
projectbased,1,2639
explorelearn,1,2640
systemapplicationoriented,1,2641
closely,1,2642
appreciation,1,2643
commercialization,1,2644
pedagogies,1,2645
widen,1,2646
exposures,1,2647
trip,1,2648
isare,1,2649
proposalsplans,1,2650
passed,1,2651
fogler,1,2652
leblanc,1,2653
linda,1,2654
daniel,1,2655
wolber,1,2656
hal,1,2657
abelson,1,2658
spertus,1,2659
liz,1,2660
looney,1,2661
lakshmi,1,2662
prayaga,1,2663
hawthorne,1,2664
whiteside,1,2665
absolute,1,2666
beginner,1,2667
tyler,1,2668
COMP1901,1,2669
formed,1,2670
evolved,1,2671
fantastic,1,2672
provoke,1,2673
projecting,1,2674
longterm,1,2675
achieved,1,2676
casestudying,1,2677
probably,1,2678
predict,1,2679
users,1,2680
browse,1,2681
appreciating,1,2682
reveal,1,2683
extractable,1,2684
decade,1,2685
distances,1,2686
separation,1,2687
hubs,1,2688
authorities,1,2689
tagging,1,2690
node,1,2691
profiles,1,2692
likeness,1,2693
aggregation,1,2694
wisdom,1,2695
recommendation,1,2696
networklike,1,2697
myspace,1,2698
flickr,1,2699
msn,1,2700
kiva,1,2701
openrice,1,2702
creditability,1,2703
freerider,1,2704
incentive,1,2705
addiction,1,2706
gold,1,2707
farming,1,2708
facilitated,1,2709
mini,1,2710
jackson,1,2711
feel,1,2712
furht,1,2713
cidetwork,1,2714
COMP1B02,1,2715
joining,1,2716
wto,1,2717
expand,1,2718
place,1,2719
jobs,1,2720
revenues,1,2721
technopreneurial,1,2722
largest,1,2723
beijings,1,2724
zhongguancun,1,2725
hailed,1,2726
silicon,1,2727
valleys,1,2728
significance,1,2729
elaborate,1,2730
factor,1,2731
presents,1,2732
east,1,2733
asian,1,2734
tigers,1,2735
was,1,2736
militarydriven,1,2737
subsequently,1,2738
policymakers,1,2739
struggling,1,2740
reform,1,2741
liberalization,1,2742
managed,1,2743
push,1,2744
established,1,2745
assist,1,2746
ongoing,1,2747
thorough,1,2748
proliferation,1,2749
ups,1,2750
were,1,2751
drafting,1,2752
periods,1,2753
arise,1,2754
past,1,2755
lead,1,2756
advantageous,1,2757
military,1,2758
catchingup,1,2759
semiconductor,1,2760
twenty,1,2761
industrialization,1,2762
supercomputers,1,2763
influencing,1,2764
cyberport,1,2765
asiapacific,1,2766
frederick,1,2767
hodgetts,1,2768
lutao,1,2769
ning,1,2770
catchup,1,2771
shangling,1,2772
jui,1,2773
keming,1,2774
ashgate,1,2775
csr,1,2776
COMP1B03,1,2777
combines,1,2778
freshman,1,2779
noncomputing,1,2780
nonmajor,1,2781
broadbased,1,2782
graphicalbased,1,2783
draganddrop,1,2784
envirnoments,1,2785
macros,1,2786
gradual,1,2787
inspired,1,2788
movies,1,2789
requiring,1,2790
straightforward,1,2791
motivates,1,2792
prepares,1,2793
looping,1,2794
entities,1,2795
edutainment,1,2796
geo,1,2797
informatics,1,2798
bioinformatics,1,2799
absorption,1,2800
immediate,1,2801
guarantees,1,2802
attached,1,2803
slowly,1,2804
badger,1,2805
gaddis,1,2806
welch,1,2807
gestures,1,2808
voices,1,2809
ste,1,2810
COMP1D04,1,2811
strengths,1,2812
weaknesses,1,2813
employ,1,2814
linkedlists,1,2815
stacks,1,2816
balanced,1,2817
traversals,1,2818
priority,1,2819
heaps,1,2820
bubble,1,2821
insertion,1,2822
quicksort,1,2823
mergesort,1,2824
heapsort,1,2825
friendsbook,1,2826
roberto,1,2827
goldwasser,1,2828
sedgewick,1,2829
wayne,1,2830
COMP2011,1,2831
upperlevel,1,2832
cardinality,1,2833
propositional,1,2834
truth,1,2835
tables,1,2836
tautologies,1,2837
predicates,1,2838
quantifiers,1,2839
proof,1,2840
soundness,1,2841
completeness,1,2842
inclusionexclusion,1,2843
pigeonhole,1,2844
digraph,1,2845
euler,1,2846
hamilton,1,2847
shortest,1,2848
planar,1,2849
coloring,1,2850
traversal,1,2851
flows,1,2852
maximalflow,1,2853
minimumcut,1,2854
minimalcost,1,2855
johnsonbaugh,1,2856
rosen,1,2857
dossey,1,2858
truss,1,2859
welsey,1,2860
kolman,1,2861
busby,1,2862
ralph,1,2863
COMP2012,1,2864
streamline,1,2865
cooperate,1,2866
objectbased,1,2867
correspondence,1,2868
hasa,1,2869
hierarchies,1,2870
isa,1,2871
overriding,1,2872
inheritanceinterfaces,1,2873
exception,1,2874
illustration,1,2875
purposes,1,2876
individualgroup,1,2877
handon,1,2878
portions,1,2879
horstmann,1,2880
cay,1,2881
bates,1,2882
bert,1,2883
sierra,1,2884
head,1,2885
bloch,1,2886
joshua,1,2887
COMP2021,1,2888
quickly,1,2889
arising,1,2890
larger,1,2891
scale,1,2892
enhancing,1,2893
formula,1,2894
lookup,1,2895
vectorization,1,2896
visualizing,1,2897
libraries,1,2898
import,1,2899
builtin,1,2900
performing,1,2901
rapid,1,2902
exporting,1,2903
csv,1,2904
reacting,1,2905
mixture,1,2906
lecturelike,1,2907
grus,1,2908
lillian,1,2909
pierson,1,2910
dummies,1,2911
julitta,1,2912
korol,1,2913
pocket,1,2914
mercury,1,2915
amos,1,2916
gilat,1,2917
jaynal,1,2918
abedin,1,2919
kishor,1,2920
das,1,2921
roger,1,2922
peng,1,2923
exploratory,1,2924
leanpub,1,2925
COMP2022,1,2926
organisational,1,2927
intranetworked,1,2928
internetworked,1,2929
webcasting,1,2930
packaged,1,2931
channels,1,2932
goods,1,2933
frontend,1,2934
backend,1,2935
payments,1,2936
pages,1,2937
webpage,1,2938
quizzesassignmentstests,1,2939
impart,1,2940
gained,1,2941
tutoriallabcase,1,2942
chaffey,1,2943
obrien,1,2944
marakas,1,2945
managerial,1,2946
bhasker,1,2947
COMP2121,1,2948
envisioning,1,2949
participatory,1,2950
www,1,2951
minicases,1,2952
COMP2222,1,2953
layering,1,2954
osi,1,2955
sublayer,1,2956
framing,1,2957
automatic,1,2958
repeat,1,2959
connectionoriented,1,2960
connectionless,1,2961
routingforwarding,1,2962
subnets,1,2963
udp,1,2964
transmission,1,2965
ipbased,1,2966
peterson,1,2967
davie,1,2968
keshav,1,2969
highspeed,1,2970
internets,1,2971
internetwork,1,2972
sockets,1,2973
COMP2322,1,2974
administrate,1,2975
considerable,1,2976
enough,1,2977
functioning,1,2978
direction,1,2979
dbms,1,2980
ansisparc,1,2981
threelevel,1,2982
entityrelationship,1,2983
dependencies,1,2984
normalization,1,2985
referential,1,2986
keys,1,2987
queryprocessing,1,2988
reallifeindustrial,1,2989
kroenke,1,2990
auer,1,2991
mannino,1,2992
abraham,1,2993
korth,1,2994
henry,1,2995
sudarshan,1,2996
garciamolina,1,2997
hector,1,2998
widom,1,2999
date,1,3000
COMP2411,1,3001
clock,1,3002
cycles,1,3003
signed,1,3004
integers,1,3005
octal,1,3006
hexadecimal,1,3007
bcd,1,3008
floating,1,3009
reduced,1,3010
instructions,1,3011
flipflops,1,3012
counters,1,3013
full,1,3014
adders,1,3015
interconnecting,1,3016
bus,1,3017
ram,1,3018
rom,1,3019
cache,1,3020
compiled,1,3021
patterson,1,3022
hennessy,1,3023
hardwaresoftware,1,3024
mano,1,3025
kime,1,3026
hamacher,1,3027
vranesic,1,3028
zaky,1,3029
brey,1,3030
barry,1,3031
intel,1,3032
microprocessors,1,3033
pro,1,3034
antonakos,1,3035
microprocessor,1,3036
kane,1,3037
gerry,1,3038
heinrich,1,3039
joe,1,3040
mips,1,3041
risc,1,3042
COMP2421,1,3043
finitestate,1,3044
widgets,1,3045
humans,1,3046
harold,1,3047
thimbleby,1,3048
osullivan,1,3049
tom,1,3050
igoe,1,3051
kochan,1,3052
objectivec,1,3053
jenifer,1,3054
tidwell,1,3055
november,1,3056
COMP2422,1,3057
asynchronous,1,3058
paging,1,3059
directory,1,3060
effect,1,3061
stimulate,1,3062
galvin,1,3063
gagne,1,3064
elmasri,1,3065
carrick,1,3066
spiral,1,3067
dhamdhere,1,3068
conceptbased,1,3069
diaz,1,3070
robbins,1,3071
COMP2432,1,3072
compa,1,3073
abuses,1,3074
tension,1,3075
meaning,1,3076
accountability,1,3077
consequences,1,3078
intelligibly,1,3079
controversial,1,3080
ever,1,3081
intrusive,1,3082
traditions,1,3083
morals,1,3084
morality,1,3085
etiquette,1,3086
philosophy,1,3087
conflicts,1,3088
balance,1,3089
humanity,1,3090
provider,1,3091
vulnerabilities,1,3092
insecure,1,3093
phishing,1,3094
scams,1,3095
reselling,1,3096
bittorrent,1,3097
foxy,1,3098
anonymizers,1,3099
freenet,1,3100
crowd,1,3101
flesh,1,3102
人肉搜尋器,1,3103
recreate,1,3104
pertinent,1,3105
viega,1,3106
doesn,1,3107
cyber,1,3108
ijcee,1,3109
williamson,1,3110
janmar,1,3111
jces,1,3112
rendtorff,1,3113
mattsson,1,3114
bank,1,3115
explorative,1,3116
spinello,1,3117
etwork,1,3118
cragg,1,3119
dirk,1,3120
matten,1,3121
feb,1,3122
sandel,1,3123
whats,1,3124
thing,1,3125
farrar,1,3126
straus,1,3127
giroux,1,3128
harris,1,3129
pritchard,1,3130
rabins,1,3131
wadsworth,1,3132
manuel,1,3133
velasquez,1,3134
seventh,1,3135
hrd,1,3136
COMP2A01,1,3137
culturally,1,3138
ethnically,1,3139
distinct,1,3140
informationdigital,1,3141
disadvantages,1,3142
status,1,3143
preconceptions,1,3144
faced,1,3145
deploy,1,3146
involvement,1,3147
ethnicities,1,3148
intellectuals,1,3149
proposalplan,1,3150
laptop,1,3151
olpc,1,3152
commons,1,3153
religion,1,3154
subtle,1,3155
perhaps,1,3156
unintentional,1,3157
perceptions,1,3158
lack,1,3159
south,1,3160
asia,1,3161
noncompletion,1,3162
teachingbased,1,3163
courses,1,3164
mathematicsrelated,1,3165
technologybased,1,3166
aspect,1,3167
assistive,1,3168
renewable,1,3169
energy,1,3170
rural,1,3171
households,1,3172
comparable,1,3173
difficulty,1,3174
earliest,1,3175
midway,1,3176
middle,1,3177
days,1,3178
shore,1,3179
singlesemester,1,3180
incomplete,1,3181
offering,1,3182
ilos,1,3183
COMP2S01,1,3184
compare,1,3185
bigo,1,3186
recurring,1,3187
divideandconquer,1,3188
branchand,1,3189
bound,1,3190
greedy,1,3191
probabilistic,1,3192
amortized,1,3193
cacheoblivious,1,3194
logstructured,1,3195
merge,1,3196
locality,1,3197
sensitive,1,3198
bloom,1,3199
filter,1,3200
convex,1,3201
closest,1,3202
pairs,1,3203
npcomplete,1,3204
approximation,1,3205
utilized,1,3206
carrano,1,3207
walls,1,3208
mirrors,1,3209
COMP3011,1,3210
corequisiteexclusion,1,3211
subroutine,1,3212
visibility,1,3213
stack,1,3214
call,1,3215
activation,1,3216
records,1,3217
recursion,1,3218
multithreading,1,3219
scala,1,3220
erlang,1,3221
clojure,1,3222
lisp,1,3223
haskell,1,3224
theorem,1,3225
proving,1,3226
prolog,1,3227
pointers,1,3228
dangling,1,3229
garbage,1,3230
focuses,1,3231
sebesta,1,3232
ninth,1,3233
tucker,1,3234
noonan,1,3235
ravi,1,3236
pearsonaddisonwesley,1,3237
franklyn,1,3238
turbak,1,3239
sheldon,1,3240
COMP3021,1,3241
wikis,1,3242
credibility,1,3243
trending,1,3244
videos,1,3245
architects,1,3246
absorbed,1,3247
golbeck,1,3248
easley,1,3249
kleinberg,1,3250
williams,1,3251
anthony,1,3252
wikinomics,1,3253
duncan,1,3254
gavin,1,3255
laurie,1,3256
COMP3121,1,3257
orientation,1,3258
picture,1,3259
pert,1,3260
outsourcing,1,3261
schedule,1,3262
fairley,1,3263
hohpe,1,3264
woolf,1,3265
roshen,1,3266
soabased,1,3267
servicesbased,1,3268
kerzner,1,3269
dunn,1,3270
patternbased,1,3271
COMP3122,1,3272
appraisal,1,3273
bring,1,3274
advantages,1,3275
applicability,1,3276
isit,1,3277
escalating,1,3278
force,1,3279
influential,1,3280
redesign,1,3281
kenneth,1,3282
efraim,1,3283
ming,1,3284
reveals,1,3285
COMP3131,1,3286
coprocessing,1,3287
encoded,1,3288
entering,1,3289
displaying,1,3290
textual,1,3291
multilingual,1,3292
universal,1,3293
unicode,1,3294
euc,1,3295
utf,1,3296
word,1,3297
stemming,1,3298
syntactic,1,3299
sentence,1,3300
disambiguation,1,3301
discourse,1,3302
coreference,1,3303
opinion,1,3304
conversation,1,3305
question,1,3306
answering,1,3307
summarization,1,3308
lunde,1,3309
ken,1,3310
cjkv,1,3311
vietnamese,1,3312
jkt,1,3313
singapore,1,3314
jurafsky,1,3315
linguistics,1,3316
manning,1,3317
schütze,1,3318
hinrich,1,3319
bird,1,3320
klein,1,3321
ewan,1,3322
loper,1,3323
edward,1,3324
toolkit,1,3325
COMP3133,1,3326
crmbased,1,3327
initiatives,1,3328
brand,1,3329
channel,1,3330
profitability,1,3331
buying,1,3332
profiling,1,3333
knowledgeenabled,1,3334
mobilizing,1,3335
personalization,1,3336
customization,1,3337
loyalty,1,3338
buttle,1,3339
francis,1,3340
maklan,1,3341
stan,1,3342
howson,1,3343
cindi,1,3344
unlock,1,3345
flory,1,3346
dsc,1,3347
baesens,1,3348
bart,1,3349
dietrich,1,3350
plachy,1,3351
realizes,1,3352
sanders,1,3353
nada,1,3354
turning,1,3355
chakraborty,1,3356
pagolu,1,3357
garla,1,3358
troyansky,1,3359
gibsont,1,3360
leichtwels,1,3361
bjork,1,3362
qlikview,1,3363
COMP3134,1,3364
accomplishment,1,3365
componentbased,1,3366
modelbased,1,3367
functionoriented,1,3368
objectedoriented,1,3369
line,1,3370
sommerville,1,3371
pressman,1,3372
jacobson,1,3373
rumbaugh,1,3374
unified,1,3375
bourque,1,3376
pierre,1,3377
dupuis,1,3378
COMP3211,1,3379
documenting,1,3380
cohesion,1,3381
coupling,1,3382
objectorientation,1,3383
charts,1,3384
creational,1,3385
modelviewcontroller,1,3386
pure,1,3387
smalltalk,1,3388
initial,1,3389
marked,1,3390
returned,1,3391
subsequent,1,3392
produce,1,3393
advised,1,3394
graded,1,3395
tutoriallabs,1,3396
lethbridge,1,3397
laganiere,1,3398
bennet,1,3399
mcrobb,1,3400
ray,1,3401
farmer,1,3402
COMP3222,1,3403
defects,1,3404
codebased,1,3405
mutation,1,3406
specificationbased,1,3407
partitioning,1,3408
automation,1,3409
defect,1,3410
gqm,1,3411
unit,1,3412
gui,1,3413
patton,1,3414
ron,1,3415
nguyen,1,3416
hung,1,3417
bob,1,3418
hackett,1,3419
jaskiel,1,3420
nina,1,3421
alpha,1,3422
ltd,1,3423
COMP3233,1,3424
execute,1,3425
nine,1,3426
monitor,1,3427
corrective,1,3428
preventive,1,3429
action,1,3430
charter,1,3431
costbenefit,1,3432
size,1,3433
wbs,1,3434
pbs,1,3435
cpa,1,3436
stakeholder,1,3437
conflict,1,3438
reward,1,3439
sizes,1,3440
closeout,1,3441
negotiation,1,3442
institute,1,3443
COMP3235,1,3444
browsers,1,3445
onetime,1,3446
passwords,1,3447
strong,1,3448
mqv,1,3449
hmqv,1,3450
exploits,1,3451
overflow,1,3452
corruption,1,3453
penetration,1,3454
rootkits,1,3455
malwares,1,3456
browser,1,3457
scripting,1,3458
forgery,1,3459
unvalidated,1,3460
redirects,1,3461
forwards,1,3462
broken,1,3463
misconfiguration,1,3464
sandboxing,1,3465
sidechannel,1,3466
browsing,1,3467
matt,1,3468
hoglund,1,3469
greg,1,3470
exploiting,1,3471
mann,1,3472
mitchell,1,3473
stuttard,1,3474
dafydd,1,3475
pinto,1,3476
marcus,1,3477
shari,1,3478
gollmann,1,3479
dieter,1,3480
COMP3334,1,3481
goal,1,3482
empowers,1,3483
cultivating,1,3484
commonly,1,3485
accepted,1,3486
confidentiality,1,3487
authorization,1,3488
discretionary,1,3489
mandatory,1,3490
fatm,1,3491
ntfs,1,3492
hfs,1,3493
disk,1,3494
mechanism,1,3495
prevent,1,3496
confidential,1,3497
searchable,1,3498
decentralized,1,3499
afyouni,1,3500
hassan,1,3501
basta,1,3502
zgola,1,3503
melissa,1,3504
COMP3335,1,3505
highlight,1,3506
truly,1,3507
proficient,1,3508
clientside,1,3509
googleapps,1,3510
exhibiting,1,3511
designated,1,3512
mind,1,3513
intergalactic,1,3514
asp,1,3515
servlet,1,3516
extensible,1,3517
dtd,1,3518
dom,1,3519
sax,1,3520
querying,1,3521
googleapi,1,3522
duckett,1,3523
html,1,3524
css,1,3525
jquery,1,3526
myers,1,3527
cut,1,3528
achyut,1,3529
kahate,1,3530
atul,1,3531
welling,1,3532
luke,1,3533
laura,1,3534
steelman,1,3535
andrea,1,3536
murachs,1,3537
COMP3421,1,3538
intuitive,1,3539
storing,1,3540
analysing,1,3541
audio,1,3542
haptic,1,3543
soundaudio,1,3544
entropy,1,3545
printing,1,3546
correctly,1,3547
understood,1,3548
friedland,1,3549
gerald,1,3550
ramesh,1,3551
acmmm,1,3552
tomm,1,3553
affective,1,3554
tac,1,3555
COMP3422,1,3556
webmobile,1,3557
COMP3423,1,3558
responsive,1,3559
shift,1,3560
impacted,1,3561
architectural,1,3562
adaptable,1,3563
linking,1,3564
backbone,1,3565
micro,1,3566
notifications,1,3567
smartcontextaware,1,3568
humancentered,1,3569
multimodal,1,3570
wearable,1,3571
infrastructures,1,3572
centric,1,3573
malcolm,1,3574
mccullough,1,3575
ground,1,3576
october,1,3577
greenfield,1,3578
everyware,1,3579
dawning,1,3580
dragan,1,3581
stojanovic,1,3582
enhanced,1,3583
mar,1,3584
poslad,1,3585
COMP3432,1,3586
layered,1,3587
directories,1,3588
accessing,1,3589
redirection,1,3590
creations,1,3591
parent,1,3592
osdriver,1,3593
characterblock,1,3594
converting,1,3595
simulating,1,3596
bnf,1,3597
phases,1,3598
symbol,1,3599
lam,1,3600
monica,1,3601
molay,1,3602
rago,1,3603
appel,1,3604
beck,1,3605
torczon,1,3606
cooperstein,1,3607
createspace,1,3608
corbet,1,3609
rubini,1,3610
kroahhartman,1,3611
COMP3438,1,3612
junior,1,3613
COMP3511,1,3614
prerequisitecorequisite,1,3615
practitioner,1,3616
audiences,1,3617
account,1,3618
likely,1,3619
grow,1,3620
COMP3512,1,3621
succeeds,1,3622
later,1,3623
gather,1,3624
seek,1,3625
creatively,1,3626
reasons,1,3627
humanities,1,3628
nonmba,1,3629
unfair,1,3630
hightech,1,3631
categories,1,3632
discontinuous,1,3633
targeting,1,3634
government,1,3635
fund,1,3636
staged,1,3637
considering,1,3638
deciding,1,3639
forprofit,1,3640
shares,1,3641
compensation,1,3642
entrepreneur,1,3643
brainstorm,1,3644
brainstorming,1,3645
toperson,1,3646
minutes,1,3647
pitch,1,3648
gives,1,3649
front,1,3650
valid,1,3651
score,1,3652
scores,1,3653
recommendations,1,3654
flourishes,1,3655
contain,1,3656
found,1,3657
inspiring,1,3658
recommended,1,3659
closed,1,3660
opened,1,3661
donald,1,3662
mollick,1,3663
ethan,1,3664
ideabook,1,3665
goventure,1,3666
httpwwwgoventurenetproductsaboutideabookaspx,1,3667
COMP3531,1,3668
contexts,1,3669
partners,1,3670
identified,1,3671
manpower,1,3672
elderly,1,3673
atrisk,1,3674
youths,1,3675
severe,1,3676
disabilities,1,3677
elders,1,3678
dementia,1,3679
incur,1,3680
classroomlearned,1,3681
gage,1,3682
sstudent,1,3683
anne,1,3684
colby,1,3685
ehrich,1,3686
beaumont,1,3687
stephens,1,3688
educating,1,3689
americas,1,3690
undergraduates,1,3691
COMP3911,1,3692
COMP3921,1,3693
COMP3924,1,3694
practiced,1,3695
arena,1,3696
interacting,1,3697
increasing,1,3698
cross,1,3699
institutional,1,3700
national,1,3701
seven,1,3702
consciousness,1,3703
congruence,1,3704
commitment,1,3705
controversy,1,3706
civility,1,3707
technologyfacilitated,1,3708
variability,1,3709
developmental,1,3710
ethnocentrism,1,3711
ethnorelativism,1,3712
authority,1,3713
collaborations,1,3714
soldering,1,3715
rwanda,1,3716
seminarsdiscussion,1,3717
forums,1,3718
linked,1,3719
teachers,1,3720
partnering,1,3721
allowed,1,3722
crossinstitutional,1,3723
genuine,1,3724
fellow,1,3725
institutions,1,3726
preapproved,1,3727
attachment,1,3728
projectattachment,1,3729
length,1,3730
hosted,1,3731
track,1,3732
regarding,1,3733
lettergrade,1,3734
expertise,1,3735
focusdiscipline,1,3736
teammates,1,3737
nclp,1,3738
author,1,3739
wendy,1,3740
wagner,1,3741
sherry,1,3742
turkle,1,3743
maurianne,1,3744
stylus,1,3745
hanges,1,3746
dorfman,1,3747
gupta,1,3748
societies,1,3749
thousand,1,3750
oaks,1,3751
bringing,1,3752
irving,1,3753
lucas,1,3754
mcmahon,1,3755
news,1,3756
COMP3S02,1,3757
electives,1,3758
decided,1,3759
places,1,3760
workintegrated,1,3761
placed,1,3762
placements,1,3763
COMP4000,1,3764
draft,1,3765
businessindustrial,1,3766
communicating,1,3767
still,1,3768
offered,1,3769
evening,1,3770
saturdays,1,3771
experiential,1,3772
COMP4001,1,3773
comprehending,1,3774
proofs,1,3775
prove,1,3776
ambiguity,1,3777
chomsky,1,3778
pumping,1,3779
extensions,1,3780
churchturing,1,3781
halting,1,3782
undecidable,1,3783
intractable,1,3784
polynomialspace,1,3785
primality,1,3786
quantum,1,3787
hopcroft,1,3788
motwani,1,3789
rajeev,1,3790
COMP4011,1,3791
thoroughly,1,3792
digest,1,3793
ssl,1,3794
echeck,1,3795
auctions,1,3796
labtutorial,1,3797
outland,1,3798
furche,1,3799
wrightson,1,3800
moss,1,3801
COMP4121,1,3802
mixed,1,3803
reality,1,3804
producing,1,3805
playability,1,3806
loops,1,3807
threads,1,3808
polygonal,1,3809
physicallybased,1,3810
result,1,3811
broader,1,3812
origins,1,3813
arcade,1,3814
consolebased,1,3815
station,1,3816
xbox,1,3817
switch,1,3818
pcbased,1,3819
handheld,1,3820
sociology,1,3821
players,1,3822
gaming,1,3823
cognitive,1,3824
quaternion,1,3825
interpolation,1,3826
lod,1,3827
photorealistic,1,3828
imagebased,1,3829
acceleration,1,3830
physics,1,3831
chasing,1,3832
evading,1,3833
flocking,1,3834
obstacle,1,3835
swarming,1,3836
opponent,1,3837
unity,1,3838
audios,1,3839
digitizer,1,3840
gender,1,3841
race,1,3842
youth,1,3843
violence,1,3844
playing,1,3845
facilities,1,3846
player,1,3847
rarent,1,3848
schell,1,3849
jesse,1,3850
art,1,3851
lenses,1,3852
COMP4122,1,3853
engineeringreengineering,1,3854
buildtime,1,3855
metamodel,1,3856
events,1,3857
container,1,3858
materialization,1,3859
compile,1,3860
omgs,1,3861
coalition,1,3862
jeston,1,3863
weskem,1,3864
boca,1,3865
raton,1,3866
der,1,3867
aalst,1,3868
hee,1,3869
paperback,1,3870
ficher,1,3871
leymann,1,3872
roller,1,3873
schael,1,3874
organisations,1,3875
emerald,1,3876
tods,1,3877
tkde,1,3878
cikm,1,3879
COMP4123,1,3880
vehicle,1,3881
route,1,3882
bin,1,3883
packing,1,3884
maximum,1,3885
multicommodity,1,3886
nonlinear,1,3887
optimal,1,3888
radio,1,3889
frequency,1,3890
elogistics,1,3891
exploit,1,3892
taha,1,3893
hamdy,1,3894
simchilevi,1,3895
chen,1,3896
bramel,1,3897
ballou,1,3898
roland,1,3899
logisticssupply,1,3900
COMP4125,1,3901
recap,1,3902
graduates,1,3903
horizon,1,3904
realm,1,3905
cobit,1,3906
coso,1,3907
edit,1,3908
computerassisted,1,3909
basel,1,3910
continuity,1,3911
simulations,1,3912
cisa,1,3913
crisc,1,3914
cissp,1,3915
cbk,1,3916
isc,1,3917
calder,1,3918
alan,1,3919
watkins,1,3920
isoiso,1,3921
whitman,1,3922
mattord,1,3923
herbert,1,3924
COMP4127,1,3925
inner,1,3926
cosine,1,3927
expansion,1,3928
relevance,1,3929
inverted,1,3930
phrasal,1,3931
proximity,1,3932
spidering,1,3933
ranking,1,3934
chowdhury,1,3935
facet,1,3936
grossman,1,3937
freider,1,3938
baezayates,1,3939
riberioneto,1,3940
grefenstette,1,3941
crosslanguage,1,3942
dorhrecht,1,3943
netherlands,1,3944
moffat,1,3945
gigabytes,1,3946
compressing,1,3947
california,1,3948
COMP4133,1,3949
cryptograph,1,3950
concerned,1,3951
stream,1,3952
des,1,3953
satndard,1,3954
watermark,1,3955
hidden,1,3956
annotation,1,3957
invisible,1,3958
signal,1,3959
pcalda,1,3960
fingerprint,1,3961
palmprint,1,3962
finger,1,3963
iris,1,3964
voice,1,3965
gesture,1,3966
multibiometrics,1,3967
internetintranet,1,3968
immigration,1,3969
naturalization,1,3970
eworld,1,3971
networked,1,3972
sidahmed,1,3973
abrams,1,3974
jajodia,1,3975
podell,1,3976
atkins,1,3977
proc,1,3978
icba,1,3979
icb,1,3980
COMP4134,1,3981
itenabled,1,3982
asset,1,3983
barrier,1,3984
frames,1,3985
modal,1,3986
logics,1,3987
ontology,1,3988
expert,1,3989
dss,1,3990
computerbased,1,3991
pool,1,3992
everyone,1,3993
bali,1,3994
wickramasinghe,1,3995
lehaney,1,3996
aronson,1,3997
hislop,1,3998
zilli,1,3999
damiani,1,4000
ceravolo,1,4001
ontologybased,1,4002
COMP4135,1,4003
uptodate,1,4004
emerged,1,4005
funding,1,4006
rewardsbased,1,4007
equitybased,1,4008
debt,1,4009
campaigns,1,4010
microfinance,1,4011
monetization,1,4012
httpsenwikipediaorgwikicrowdfunding,1,4013
brabham,1,4014
england,1,4015
COMP4141,1,4016
encryptions,1,4017
elliptic,1,4018
curve,1,4019
ecdlp,1,4020
ecdsa,1,4021
sha,1,4022
ripemd,1,4023
ant,1,4024
litecoin,1,4025
ethereum,1,4026
monero,1,4027
zcash,1,4028
advancedemerging,1,4029
internetmobile,1,4030
narayanan,1,4031
bonneau,1,4032
felten,1,4033
goldfeder,1,4034
liébanacabanillas,1,4035
nakajima,1,4036
masashi,1,4037
vigna,1,4038
casey,1,4039
picador,1,4040
antonopoulos,1,4041
mastering,1,4042
unlocking,1,4043
cryptocurrencies,1,4044
omahony,1,4045
peirce,1,4046
tewari,1,4047
COMP4142,1,4048
distribution,1,4049
wacc,1,4050
predictionforecasting,1,4051
discounted,1,4052
cash,1,4053
return,1,4054
sharpe,1,4055
ratio,1,4056
derivative,1,4057
walks,1,4058
itos,1,4059
blacksholes,1,4060
equations,1,4061
hedging,1,4062
europeanamerican,1,4063
option,1,4064
binomial,1,4065
crr,1,4066
greek,1,4067
letters,1,4068
forecast,1,4069
lecturetutorialpaperreadingdiscussion,1,4070
stipulated,1,4071
kosowski,1,4072
neftci,1,4073
salih,1,4074
seydel,1,4075
rudiger,1,4076
springerverlag,1,4077
ugur,1,4078
omur,1,4079
imperial,1,4080
george,1,4081
pricing,1,4082
instruments,1,4083
elsevier,1,4084
moshe,1,4085
haim,1,4086
solomon,1,4087
sorin,1,4088
microscopic,1,4089
hohn,1,4090
futures,1,4091
derivatives,1,4092
mckinney,1,4093
wes,1,4094
COMP4146,1,4095
encompassing,1,4096
configuring,1,4097
wan,1,4098
classful,1,4099
subnet,1,4100
multihome,1,4101
rarp,1,4102
supernetting,1,4103
assigning,1,4104
classless,1,4105
slash,1,4106
icmp,1,4107
termination,1,4108
creditbased,1,4109
silly,1,4110
syndrome,1,4111
nagles,1,4112
timers,1,4113
timeouts,1,4114
slowstart,1,4115
multiplicative,1,4116
decrease,1,4117
additive,1,4118
transitions,1,4119
indirect,1,4120
interior,1,4121
exterior,1,4122
rip,1,4123
bgp,1,4124
border,1,4125
routers,1,4126
dijkstras,1,4127
mib,1,4128
smi,1,4129
snmp,1,4130
traps,1,4131
nton,1,4132
unicast,1,4133
igmp,1,4134
dvmp,1,4135
cbt,1,4136
mospf,1,4137
pim,1,4138
bootp,1,4139
dhcp,1,4140
name,1,4141
inverse,1,4142
smtp,1,4143
pop,1,4144
imap,1,4145
vpn,1,4146
header,1,4147
encapsulating,1,4148
payload,1,4149
esp,1,4150
nat,1,4151
several,1,4152
capture,1,4153
inspecting,1,4154
applicationlevel,1,4155
collectively,1,4156
kurose,1,4157
andrew,1,4158
ieeeacm,1,4159
magazine,1,4160
COMP4322,1,4161
detect,1,4162
dissect,1,4163
wep,1,4164
wpawpa,1,4165
taxonomy,1,4166
byod,1,4167
tutorialslabworkshops,1,4168
boudriga,1,4169
noureddine,1,4170
dubey,1,4171
abhishek,1,4172
misra,1,4173
anmol,1,4174
dwivedi,1,4175
himanshu,1,4176
clark,1,4177
thiel,1,4178
blazakis,1,4179
dion,1,4180
daizovi,1,4181
dino,1,4182
esser,1,4183
iozzo,1,4184
vincenzo,1,4185
weinmann,1,4186
ralfphilipp,1,4187
traynor,1,4188
mcdaniel,1,4189
porta,1,4190
forsberg,1,4191
horn,1,4192
günther,1,4193
moeller,1,4194
wolfdietrich,1,4195
niemi,1,4196
valtteri,1,4197
lte,1,4198
buttyán,1,4199
levente,1,4200
hubaux,1,4201
jeanpierre,1,4202
cooperation,1,4203
usenix,1,4204
isoc,1,4205
ieeeifip,1,4206
intrusions,1,4207
annual,1,4208
chell,1,4209
dominic,1,4210
erasmus,1,4211
tyrone,1,4212
colley,1,4213
shaun,1,4214
whitehouse,1,4215
ollie,1,4216
COMP4332,1,4217
secretkey,1,4218
oneway,1,4219
nonrepudiation,1,4220
tunnels,1,4221
internetwide,1,4222
today,1,4223
denial,1,4224
ofservice,1,4225
insecurity,1,4226
symmetric,1,4227
linklayer,1,4228
kerberos,1,4229
pretty,1,4230
denialofservice,1,4231
botnet,1,4232
intrusion,1,4233
detectionprevention,1,4234
zwicky,1,4235
brent,1,4236
cheswick,1,4237
bellovin,1,4238
young,1,4239
yung,1,4240
moti,1,4241
stinson,1,4242
forouzan,1,4243
behrouz,1,4244
colin,1,4245
mathuria,1,4246
anish,1,4247
establishment,1,4248
COMP4334,1,4249
wellorganized,1,4250
classmates,1,4251
ubiquitouspervasive,1,4252
cellar,1,4253
wpan,1,4254
wman,1,4255
satellite,1,4256
transcoding,1,4257
caching,1,4258
disconnected,1,4259
hording,1,4260
handoff,1,4261
plmn,1,4262
locationbased,1,4263
gis,1,4264
trendy,1,4265
schiller,1,4266
jochen,1,4267
mallick,1,4268
martyn,1,4269
kwok,1,4270
yukwong,1,4271
ricky,1,4272
lau,1,4273
vincent,1,4274
interoperability,1,4275
wileyieee,1,4276
agrawal,1,4277
dharma,1,4278
qingan,1,4279
bfar,1,4280
reza,1,4281
COMP4342,1,4282
proficiency,1,4283
enlarge,1,4284
displays,1,4285
pipeline,1,4286
gpus,1,4287
frame,1,4288
buffers,1,4289
polygon,1,4290
geometric,1,4291
twodimensional,1,4292
clipping,1,4293
visible,1,4294
surface,1,4295
illumination,1,4296
currently,1,4297
framebuffer,1,4298
drawings,1,4299
exposition,1,4300
studio,1,4301
package,1,4302
artistic,1,4303
effects,1,4304
clarification,1,4305
amongst,1,4306
demonstrable,1,4307
incorporated,1,4308
accounts,1,4309
serves,1,4310
marschner,1,4311
shirley,1,4312
cantor,1,4313
diego,1,4314
brandon,1,4315
webgl,1,4316
blender,1,4317
httpsdocsblenderorgmanualenlatestindexhtml,1,4318
hearn,1,4319
baker,1,4320
COMP4422,1,4321
smartphones,1,4322
infrared,1,4323
radars,1,4324
specialized,1,4325
sensors,1,4326
medical,1,4327
introduces,1,4328
avail,1,4329
sampling,1,4330
ultrasound,1,4331
photometric,1,4332
stereobased,1,4333
gradient,1,4334
descent,1,4335
backpropagation,1,4336
convolutional,1,4337
justify,1,4338
visionbased,1,4339
modifications,1,4340
forsyth,1,4341
ponce,1,4342
jean,1,4343
szeliski,1,4344
gonzalez,1,4345
rafael,1,4346
woods,1,4347
COMP4423,1,4348
addressed,1,4349
multiagent,1,4350
rooted,1,4351
arguments,1,4352
birth,1,4353
golden,1,4354
winter,1,4355
rationality,1,4356
backward,1,4357
uninformed,1,4358
heuristic,1,4359
climbing,1,4360
simulated,1,4361
annealing,1,4362
constraint,1,4363
satisfaction,1,4364
reinforcement,1,4365
stuart,1,4366
norvig,1,4367
pal,1,4368
sankar,1,4369
shiu,1,4370
negnevitsky,1,4371
COMP4431,1,4372
preferred,1,4373
previous,1,4374
intelligencedata,1,4375
notions,1,4376
impactful,1,4377
intuitions,1,4378
cutting,1,4379
crossvalidation,1,4380
curse,1,4381
biasvariance,1,4382
dilemma,1,4383
parametric,1,4384
nonparametric,1,4385
spectral,1,4386
densitybased,1,4387
autoencoder,1,4388
embedding,1,4389
boosting,1,4390
handwriting,1,4391
mnist,1,4392
descriptions,1,4393
eigenface,1,4394
applicational,1,4395
classgroup,1,4396
afterclass,1,4397
testquiz,1,4398
dealing,1,4399
endofterm,1,4400
lecturetutoriallab,1,4401
hastie,1,4402
tibshirani,1,4403
friedman,1,4404
shalevshwartz,1,4405
bendavid,1,4406
bousquet,1,4407
boucheron,1,4408
lugosi,1,4409
mohri,1,4410
rostamizadeh,1,4411
talwalkar,1,4412
vapnik,1,4413
amended,1,4414
COMP4432,1,4415
clean,1,4416
consistent,1,4417
repository,1,4418
utilize,1,4419
publicdomain,1,4420
ways,1,4421
star,1,4422
snowflake,1,4423
metadata,1,4424
marts,1,4425
cleansing,1,4426
replicated,1,4427
derived,1,4428
olap,1,4429
multidimensional,1,4430
cube,1,4431
apriori,1,4432
interestingness,1,4433
nearest,1,4434
neighbor,1,4435
condorset,1,4436
dependent,1,4437
subsequence,1,4438
prediction,1,4439
clusters,1,4440
collected,1,4441
minimize,1,4442
kills,1,4443
documentations,1,4444
drawn,1,4445
modernday,1,4446
mine,1,4447
bases,1,4448
tackled,1,4449
oracles,1,4450
ibms,1,4451
lectureslaboratory,1,4452
kcc,1,4453
manuals,1,4454
inmon,1,4455
strauss,1,4456
neushloss,1,4457
genia,1,4458
golfarelli,1,4459
matteo,1,4460
rizzi,1,4461
stefano,1,4462
rokach,1,4463
lior,1,4464
maimon,1,4465
oded,1,4466
ian,1,4467
eibe,1,4468
westphal,1,4469
criminal,1,4470
cox,1,4471
earl,1,4472
bing,1,4473
hyperlinks,1,4474
berlin,1,4475
heidelberg,1,4476
tsiptsis,1,4477
konstantinos,1,4478
chorianopoulos,1,4479
antonios,1,4480
han,1,4481
jiawei,1,4482
kamber,1,4483
micheline,1,4484
shapiro,1,4485
insurance,1,4486
COMP4433,1,4487
ama,1,4488
velocity,1,4489
variety,1,4490
inadequate,1,4491
store,1,4492
eventual,1,4493
consistency,1,4494
mongodb,1,4495
bigtable,1,4496
autoparallel,1,4497
hive,1,4498
fruad,1,4499
benfords,1,4500
heteroskedasticity,1,4501
diameter,1,4502
centrality,1,4503
pagerank,1,4504
triangle,1,4505
tutorialslaboratory,1,4506
dolan,1,4507
jcb,1,4508
dunlap,1,4509
hellerstein,1,4510
welton,1,4511
mad,1,4512
rajaraman,1,4513
anand,1,4514
jeffery,1,4515
massive,1,4516
datasets,1,4517
stonebraker,1,4518
abadi,1,4519
dewitt,1,4520
madden,1,4521
paulson,1,4522
pavlo,1,4523
rasin,1,4524
foes,1,4525
dean,1,4526
ghemawat,1,4527
sanjay,1,4528
flexible,1,4529
lin,1,4530
jimmy,1,4531
dyer,1,4532
dataintensive,1,4533
claypool,1,4534
cattell,1,4535
scalable,1,4536
stores,1,4537
elmagarmid,1,4538
ahmed,1,4539
ipeirotis,1,4540
panagiotis,1,4541
verykios,1,4542
vassilios,1,4543
duplicate,1,4544
koudas,1,4545
sarawagi,1,4546
srivastava,1,4547
hothorn,1,4548
torsten,1,4549
everitt,1,4550
brian,1,4551
chapter,1,4552
leaderboard,1,4553
kaggle,1,4554
competition,1,4555
quinlan,1,4556
ghosh,1,4557
domingos,1,4558
pedro,1,4559
alpaydin,1,4560
ethem,1,4561
haykin,1,4562
hanaran,1,4563
pat,1,4564
enthusiasts,1,4565
heer,1,4566
bostock,1,4567
ogievetsky,1,4568
zoo,1,4569
COMP4434,1,4570
measured,1,4571
notion,1,4572
errors,1,4573
faults,1,4574
hazard,1,4575
elimination,1,4576
masking,1,4577
containment,1,4578
reconfiguration,1,4579
ecommence,1,4580
espionage,1,4581
ikp,1,4582
chains,1,4583
emergency,1,4584
timetabled,1,4585
knight,1,4586
faster,1,4587
cheaper,1,4588
musa,1,4589
authorhouse,1,4590
COMP4435,1,4591
qian,1,4592
haring,1,4593
cao,1,4594
rodriguez,1,4595
fischer,1,4596
smolski,1,4597
linuxr,1,4598
powerpc,1,4599
cyao,1,4600
pender,1,4601
weekend,1,4602
barr,1,4603
COMP4438,1,4604
developers,1,4605
easily,1,4606
satisfy,1,4607
inhibitors,1,4608
transactional,1,4609
contentbased,1,4610
agility,1,4611
traffic,1,4612
qualityofservice,1,4613
provision,1,4614
middlewarebased,1,4615
understandingapplication,1,4616
skillstechniques,1,4617
aim,1,4618
bookspapers,1,4619
puder,1,4620
romer,1,4621
pilhofer,1,4622
volter,1,4623
kircher,1,4624
zdun,1,4625
remoting,1,4626
emmerich,1,4627
tpds,1,4628
doa,1,4629
COMP4441,1,4630
focusing,1,4631
underpinnings,1,4632
led,1,4633
underpinning,1,4634
cloudoriented,1,4635
migrating,1,4636
incremental,1,4637
resolving,1,4638
provisioning,1,4639
scalability,1,4640
multitenancy,1,4641
heterogeneity,1,4642
containerization,1,4643
serviceorientation,1,4644
soa,1,4645
msa,1,4646
devops,1,4647
sdn,1,4648
representative,1,4649
cloudfront,1,4650
composite,1,4651
iot,1,4652
comprised,1,4653
connects,1,4654
minidiscussions,1,4655
leverage,1,4656
chellammal,1,4657
surianarayanan,1,4658
pethuru,1,4659
chelliah,1,4660
architect,1,4661
handed,1,4662
posted,1,4663
lpu,1,4664
COMP4442,1,4665
purchase,1,4666
alliances,1,4667
licenses,1,4668
pooling,1,4669
economics,1,4670
governing,1,4671
ebooks,1,4672
films,1,4673
television,1,4674
generations,1,4675
restrictive,1,4676
licensing,1,4677
agreements,1,4678
obfuscation,1,4679
steganography,1,4680
traitortracing,1,4681
opposition,1,4682
alternatives,1,4683
adobe,1,4684
adept,1,4685
fairplay,1,4686
ubisoft,1,4687
uplay,1,4688
bouchoux,1,4689
union,1,4690
httpseuipoeuropaeuknowledgecourseviewphpid,1,4691
wipo,1,4692
httpwwwwipoint,1,4693
COMP4512,1,4694
polyus,1,4695
seeks,1,4696
states,1,4697
fintechrelated,1,4698
varied,1,4699
shaping,1,4700
currency,1,4701
long,1,4702
progressively,1,4703
enquirers,1,4704
passive,1,4705
learners,1,4706
accruing,1,4707
tutorialsseminars,1,4708
advancedparticular,1,4709
reproducible,1,4710
visionaries,1,4711
schulte,1,4712
creditdriven,1,4713
advent,1,4714
tavlas,1,4715
tolga,1,4716
tips,1,4717
disruptors,1,4718
odame,1,4719
jubi,1,4720
gloria,1,4721
corporate,1,4722
financing,1,4723
realization,1,4724
itil,1,4725
capacity,1,4726
freniq,1,4727
taylor,1,4728
bloomberg,1,4729
bna,1,4730
khanna,1,4731
ayesha,1,4732
straight,1,4733
guides,1,4734
COMP4531,1,4735
structured,1,4736
physically,1,4737
continuation,1,4738
monthly,1,4739
himher,1,4740
wellwritten,1,4741
inclusive,1,4742
preliminary,1,4743
prototype,1,4744
pilot,1,4745
whichever,1,4746
described,1,4747
regularly,1,4748
obvious,1,4749
concluding,1,4750
twostaged,1,4751
panels,1,4752
necessarily,1,4753
identical,1,4754
sem,1,4755
weighing,1,4756
seminarspresentationsclass,1,4757
attending,1,4758
COMP4911,1,4759
supervisors,1,4760
sponsor,1,4761
teampartners,1,4762
assessors,1,4763
ranjit,1,4764
carol,1,4765
namgi,1,4766
kjell,1,4767
erik,1,4768
rae,1,4769
reinhart,1,4770
giving,1,4771
michigan,1,4772
hogue,1,4773
ann,1,4774
lenore,1,4775
COMP4913,1,4776
calendar,1,4777
spreads,1,4778
curriculum,1,4779
extends,1,4780
september,1,4781
extension,1,4782
rejected,1,4783
rewritten,1,4784
resubmitted,1,4785
deemed,1,4786
groupbased,1,4787
COMP4921,1,4788
